run,model,backend,step,time_ms,loss
1,titanic,webgl,1,487.8,0.694971561
1,titanic,webgl,2,13.9,0.693280458
1,titanic,webgl,3,22.4,0.692103326
1,titanic,webgl,4,7.9,0.691312432
1,titanic,webgl,5,8,0.690646887
1,titanic,webgpu,1,205.5,0.698802412
1,titanic,webgpu,2,7.9,0.694856286
1,titanic,webgpu,3,6.2,0.69288218
1,titanic,webgpu,4,6.6,0.691997468
1,titanic,webgpu,5,7.3,0.691574275
1,mnist,webgl,1,756,2.331207752
1,mnist,webgl,2,37.4,2.317920208
1,mnist,webgl,3,26.7,2.299197197
1,mnist,webgl,4,26.8,2.268371105
1,mnist,webgl,5,24,2.282242775
1,mnist,webgpu,1,586.3,2.319552422
1,mnist,webgpu,2,54.1,2.311926365
1,mnist,webgpu,3,37.6,2.29466629
1,mnist,webgpu,4,45.2,2.286452055
1,mnist,webgpu,5,44.3,2.266467094
1,lus,webgl,1,509.1,0.774582326
1,lus,webgl,2,26.1,2.156620264
1,lus,webgl,3,33.6,1.15437758
1,lus,webgl,4,21.2,0.671473444
1,lus,webgl,5,20.4,0.661861897
1,lus,webgpu,1,248.8,0.726745546
1,lus,webgpu,2,15,4.359726906
1,lus,webgpu,3,14.5,1.369950891
1,lus,webgpu,4,14.8,0.692578912
1,lus,webgpu,5,15.7,0.691570699
1,dog,webgl,1,756.6,0.710907817
1,dog,webgl,2,31.6,0.566645503
1,dog,webgl,3,47.8,0.698990703
1,dog,webgl,4,28,0.651209772
1,dog,webgl,5,26.1,0.720245183
1,dog,webgpu,1,326.7,0.638409019
1,dog,webgpu,2,20.4,0.771420777
1,dog,webgpu,3,18.9,0.795042872
1,dog,webgpu,4,18,0.463908732
1,dog,webgpu,5,17.5,0.842560649
1,cifar,webgl,1,1931.7,2.060139418
1,cifar,webgl,2,63,1.726245165
1,cifar,webgl,3,65.8,1.425695658
1,cifar,webgpu,1,461,2.099030972
1,cifar,webgpu,2,51,1.761622548
1,cifar,webgpu,3,46.3,1.453500152
1,gpt,webgl,1,1638,10.838739395
1,gpt,webgl,2,973.9,10.732637405
1,gpt,webgl,3,932.1,10.646947861
1,gpt,webgl,4,959.8,10.573900223
1,gpt,webgl,5,1008.4,10.512775421
1,gpt,webgpu,1,713.5,10.838739395
1,gpt,webgpu,2,311.8,10.715057373
1,gpt,webgpu,3,276.5,10.613634109
1,gpt,webgpu,4,258.2,10.525310516
1,gpt,webgpu,5,276.5,10.447075844
2,titanic,webgl,1,245.8,0.725247085
2,titanic,webgl,2,26.1,0.710529029
2,titanic,webgl,3,9.6,0.701903403
2,titanic,webgl,4,8,0.697197139
2,titanic,webgl,5,8.1,0.695242703
2,titanic,webgpu,1,174.6,0.694817483
2,titanic,webgpu,2,9.5,0.692956567
2,titanic,webgpu,3,7.9,0.691856742
2,titanic,webgpu,4,4.8,0.690921128
2,titanic,webgpu,5,4.8,0.690120935
2,mnist,webgl,1,276.2,2.323996305
2,mnist,webgl,2,24.4,2.312599421
2,mnist,webgl,3,22.5,2.291373491
2,mnist,webgl,4,23.1,2.266638756
2,mnist,webgl,5,21.7,2.252774715
2,mnist,webgpu,1,284.2,2.343971968
2,mnist,webgpu,2,22.8,2.294592142
2,mnist,webgpu,3,22.7,2.286845922
2,mnist,webgpu,4,23.1,2.257521629
2,mnist,webgpu,5,25.2,2.216647148
2,lus,webgl,1,183.2,0.701550901
2,lus,webgl,2,35.7,0.783674181
2,lus,webgl,3,21.5,0.927784383
2,lus,webgl,4,23.7,0.812064826
2,lus,webgl,5,20.4,0.634412408
2,lus,webgpu,1,208.1,0.725251377
2,lus,webgpu,2,34.2,1.993274927
2,lus,webgpu,3,22.7,4.070652008
2,lus,webgpu,4,26.1,0.667369962
2,lus,webgpu,5,24.7,0.662041426
2,dog,webgl,1,236.1,0.686030388
2,dog,webgl,2,58.2,0.874519587
2,dog,webgl,3,33.2,0.876930118
2,dog,webgl,4,29.4,0.723773599
2,dog,webgl,5,31.7,0.617927909
2,dog,webgpu,1,295.3,0.631004691
2,dog,webgpu,2,24,0.985385239
2,dog,webgpu,3,19.4,0.513848126
2,dog,webgpu,4,19.1,0.620907784
2,dog,webgpu,5,17.9,0.536541224
2,cifar,webgl,1,737.8,2.447258234
2,cifar,webgl,2,70.6,2.082340956
2,cifar,webgl,3,48.4,1.701631784
2,cifar,webgpu,1,330.9,1.513095737
2,cifar,webgpu,2,53.5,1.214654446
2,cifar,webgpu,3,52.8,0.993223846
2,gpt,webgl,1,1434.8,10.838739395
2,gpt,webgl,2,890.4,10.732637405
2,gpt,webgl,3,857.2,10.646947861
2,gpt,webgl,4,857.6,10.573900223
2,gpt,webgl,5,863.7,10.512775421
2,gpt,webgpu,1,696.6,10.838739395
2,gpt,webgpu,2,268.5,10.715057373
2,gpt,webgpu,3,258.5,10.613634109
2,gpt,webgpu,4,298.9,10.525310516
2,gpt,webgpu,5,257.2,10.447075844
3,titanic,webgl,1,287.8,0.695964873
3,titanic,webgl,2,30.9,0.693420708
3,titanic,webgl,3,9.7,0.691886365
3,titanic,webgl,4,7.6,0.690623939
3,titanic,webgl,5,8.2,0.689592719
3,titanic,webgpu,1,170.8,0.696060717
3,titanic,webgpu,2,7.9,0.693765938
3,titanic,webgpu,3,6.3,0.692388058
3,titanic,webgpu,4,5.7,0.69132489
3,titanic,webgpu,5,3.2,0.690434277
3,mnist,webgl,1,273.7,2.353133917
3,mnist,webgl,2,24.4,2.310710907
3,mnist,webgl,3,26.2,2.286073446
3,mnist,webgl,4,26,2.262128353
3,mnist,webgl,5,25.6,2.244798422
3,mnist,webgpu,1,298.1,2.377323151
3,mnist,webgpu,2,23.2,2.312635183
3,mnist,webgpu,3,22.1,2.304008484
3,mnist,webgpu,4,22,2.269746304
3,mnist,webgpu,5,23,2.267448425
3,lus,webgl,1,172.9,0.69139117
3,lus,webgl,2,35.6,0.667135537
3,lus,webgl,3,22,0.654973447
3,lus,webgl,4,24.5,0.645260811
3,lus,webgl,5,20.8,0.636200905
3,lus,webgpu,1,198.4,0.685563862
3,lus,webgpu,2,14.2,0.900880158
3,lus,webgpu,3,14,3.780284643
3,lus,webgpu,4,14,0.694994092
3,lus,webgpu,5,17.1,0.668955266
3,dog,webgl,1,212.8,0.600100756
3,dog,webgl,2,44.5,1.378855467
3,dog,webgl,3,26.7,0.712079704
3,dog,webgl,4,26.4,0.640598059
3,dog,webgl,5,27.7,0.700187087
3,dog,webgpu,1,281.9,0.663073599
3,dog,webgpu,2,21.1,0.720788777
3,dog,webgpu,3,19,0.918290257
3,dog,webgpu,4,18.1,0.578451276
3,dog,webgpu,5,17.3,0.626218438
3,cifar,webgl,1,755.5,2.162434816
3,cifar,webgl,2,75.3,1.817327261
3,cifar,webgl,3,56.3,1.461901784
3,cifar,webgpu,1,345.7,4.122409821
3,cifar,webgpu,2,53.3,3.648696423
3,cifar,webgpu,3,57.4,3.245880842
3,gpt,webgl,1,1486.6,10.838739395
3,gpt,webgl,2,909.1,10.732637405
3,gpt,webgl,3,887.7,10.646947861
3,gpt,webgl,4,853.6,10.573900223
3,gpt,webgl,5,859.9,10.512775421
3,gpt,webgpu,1,691,10.838739395
3,gpt,webgpu,2,271.8,10.715057373
3,gpt,webgpu,3,270,10.613634109
3,gpt,webgpu,4,327.3,10.525310516
3,gpt,webgpu,5,330.3,10.447075844
